{
  "name": "go to reg",
  "id": "-1",
  "type": 3,
  "content": {
    "isSystemKeyword": false,
    "title": "go to reg",
    "specific": [],
    "parameters": [],
    "steps": [
      {
        "commented": false,
        "action": "_navigateTo",
        "stepParameters": [
          {
            "paramMode": "string",
            "customValue": "https://demoapps.testflowchart.com/oc/"
          }
        ],
        "stepCategory": "inbuilt",
        "stepType": "Action",
        "specific": []
      },
      {
        "commented": false,
        "action": "_click",
        "stepParameters": [
          {
            "paramMode": "code",
            "customValue": "_link(\"My Account\")"
          }
        ],
        "stepCategory": "inbuilt",
        "stepType": "Action",
        "specific": []
      },
      {
        "commented": false,
        "action": "_click",
        "stepParameters": [
          {
            "paramMode": "code",
            "customValue": "_link(\"Register\")"
          }
        ],
        "stepCategory": "inbuilt",
        "stepType": "Action",
        "specific": []
      }
    ]
  },
  "enabled": false,
  "parentId": ""
}