{
  "name": "Enter $user details",
  "id": "-1",
  "type": 3,
  "content": {
    "isSystemKeyword": false,
    "title": "Enter $user details",
    "specific": [],
    "parameters": [
      {
        "parameterId": "user_",
        "entityTypeId": "user",
        "suffix": ""
      }
    ],
    "steps": [
      {
        "commented": false,
        "action": "_setValue",
        "stepParameters": [
          {
            "paramMode": "default",
            "parameterId": "user_",
            "attributeId": "attr_01713433667114",
            "accessorId": "acc0"
          },
          {
            "paramMode": "default",
            "parameterId": "user_",
            "attributeId": "attr_01713433667114"
          }
        ],
        "stepCategory": "inbuilt",
        "stepType": "Action",
        "specific": []
      },
      {
        "commented": false,
        "action": "_setValue",
        "stepParameters": [
          {
            "paramMode": "default",
            "parameterId": "user_",
            "attributeId": "attr_11713433667115",
            "accessorId": "acc0"
          },
          {
            "paramMode": "default",
            "parameterId": "user_",
            "attributeId": "attr_11713433667115"
          }
        ],
        "stepCategory": "inbuilt",
        "stepType": "Action",
        "specific": []
      },
      {
        "commented": false,
        "action": "_setValue",
        "stepParameters": [
          {
            "paramMode": "default",
            "parameterId": "user_",
            "attributeId": "attr_21713433667115",
            "accessorId": "acc0"
          },
          {
            "paramMode": "default",
            "parameterId": "user_",
            "attributeId": "attr_21713433667115"
          }
        ],
        "stepCategory": "inbuilt",
        "stepType": "Action",
        "specific": []
      },
      {
        "commented": false,
        "action": "_setValue",
        "stepParameters": [
          {
            "paramMode": "default",
            "parameterId": "user_",
            "attributeId": "attr_31713433667115",
            "accessorId": "acc0"
          },
          {
            "paramMode": "default",
            "parameterId": "user_",
            "attributeId": "attr_31713433667115"
          }
        ],
        "stepCategory": "inbuilt",
        "stepType": "Action",
        "specific": []
      },
      {
        "commented": false,
        "action": "_setPassword",
        "stepParameters": [
          {
            "paramMode": "default",
            "parameterId": "user_",
            "attributeId": "attr_41713433667115",
            "accessorId": "acc0"
          },
          {
            "paramMode": "default",
            "parameterId": "user_",
            "attributeId": "attr_41713433667115"
          }
        ],
        "stepCategory": "inbuilt",
        "stepType": "Action",
        "specific": []
      },
      {
        "commented": false,
        "action": "_setPassword",
        "stepParameters": [
          {
            "paramMode": "default",
            "parameterId": "user_",
            "attributeId": "attr_41713433667115",
            "accessorId": "acc1"
          },
          {
            "paramMode": "default",
            "parameterId": "user_",
            "attributeId": "attr_41713433667115"
          }
        ],
        "stepCategory": "inbuilt",
        "stepType": "Action",
        "specific": []
      },
      {
        "commented": false,
        "action": "_check",
        "stepParameters": [
          {
            "paramMode": "code",
            "customValue": "_checkbox(\"agree\")"
          },
          {
            "paramMode": "code",
            "customValue": "true"
          }
        ],
        "stepCategory": "inbuilt",
        "stepType": "Action",
        "specific": []
      },
      {
        "commented": false,
        "action": "_click",
        "stepParameters": [
          {
            "paramMode": "code",
            "customValue": "_submit(\"Continue\")"
          }
        ],
        "stepCategory": "inbuilt",
        "stepType": "Action",
        "specific": []
      },
      {
        "commented": false,
        "action": "_log",
        "stepParameters": [
          {
            "paramMode": "string",
            "customValue": "test"
          }
        ],
        "stepCategory": "inbuilt",
        "stepType": "Action",
        "specific": []
      }
    ]
  },
  "enabled": false,
  "parentId": ""
}