{
  "modifiedOn": "2024-04-18T09:41:28.035693100Z",
  "name": "Go To Registration Page",
  "id": "0",
  "type": 3,
  "createdOn": "2024-04-18T09:41:28.035693100Z",
  "content": {
    "title": "Go To Registration Page",
    "parameters": [],
    "steps": [
      {
        "commented": false,
        "action": "_click",
        "stepParameters": [
          {
            "customValue": "_link(\"My Account\")",
            "paramMode": "code"
          }
        ]
      },
      {
        "commented": false,
        "action": "_click",
        "stepParameters": [
          {
            "customValue": "_link(\"Register\")",
            "paramMode": "code"
          }
        ]
      }
    ],
    "isSystemKeyword": false
  },
  "enabled": false,
  "parentId": ""
}