{
  "name": "Logout",
  "id": "-1",
  "type": 3,
  "content": {
    "isSystemKeyword": false,
    "title": "Logout",
    "specific": [],
    "parameters": [],
    "steps": [
      {
        "commented": false,
        "action": "_log",
        "stepParameters": [
          {
            "paramMode": "string",
            "customValue": "tets"
          }
        ],
        "stepCategory": "inbuilt",
        "stepType": "Action",
        "specific": []
      },
      {
        "commented": false,
        "action": "_log",
        "stepParameters": [
          {
            "paramMode": "string",
            "customValue": "test"
          }
        ],
        "stepCategory": "inbuilt",
        "stepType": "Action",
        "specific": []
      },
      {
        "commented": false,
        "action": "_log",
        "stepParameters": [
          {
            "paramMode": "string",
            "customValue": "third"
          }
        ],
        "stepCategory": "inbuilt",
        "stepType": "Action",
        "specific": []
      },
      {
        "commented": false,
        "action": "_log",
        "stepParameters": [
          {
            "paramMode": "string",
            "customValue": "four"
          }
        ],
        "stepCategory": "inbuilt",
        "stepType": "Action",
        "specific": []
      }
    ]
  },
  "enabled": false,
  "parentId": ""
}