{
  "name": "Assert $dog Created",
  "id": "-1",
  "type": 3,
  "content": {
    "isSystemKeyword": false,
    "title": "Assert $dog Created",
    "specific": [],
    "parameters": [
      {
        "parameterId": "dog_",
        "entityTypeId": "dog",
        "suffix": ""
      }
    ],
    "steps": [
      {
        "commented": false,
        "action": "_click",
        "stepParameters": [
          {
            "paramMode": "code",
            "customValue": "_submit(\"Continue\")"
          }
        ],
        "stepCategory": "inbuilt",
        "stepType": "Action",
        "specific": []
      },
      {
        "commented": false,
        "action": "_wait",
        "stepParameters": [
          {
            "paramMode": "code",
            "customValue": "5000"
          }
        ],
        "stepCategory": "inbuilt",
        "stepType": "Action",
        "specific": []
      },
      {
        "commented": false,
        "action": "_click",
        "stepParameters": [
          {
            "paramMode": "code",
            "customValue": "_link(\"My Account\")"
          }
        ],
        "stepCategory": "inbuilt",
        "stepType": "Action",
        "specific": []
      },
      {
        "commented": false,
        "action": "_setValue",
        "stepParameters": [
          {
            "paramMode": "default",
            "parameterId": "dog_",
            "attributeId": "attr_firstname_0",
            "accessorId": "acc_textbox_firstname"
          },
          {
            "paramMode": "default",
            "parameterId": "dog_",
            "attributeId": "attr_firstname_0"
          }
        ],
        "stepCategory": "inbuilt",
        "stepType": "Action",
        "valueCheck": true,
        "specific": []
      },
      {
        "commented": false,
        "action": "_setValue",
        "stepParameters": [
          {
            "paramMode": "default",
            "parameterId": "dog_",
            "attributeId": "attr_firstname_0",
            "accessorId": "acc_textbox_firstname"
          },
          {
            "paramMode": "default",
            "parameterId": "dog_",
            "attributeId": "attr_firstname_0"
          }
        ],
        "stepCategory": "inbuilt",
        "stepType": "Action",
        "specific": []
      },
      {
        "commented": false,
        "action": "_log",
        "stepParameters": [
          {
            "paramMode": "string",
            "customValue": "new line"
          }
        ],
        "stepCategory": "inbuilt",
        "stepType": "Action",
        "specific": []
      },
      {
        "commented": false,
        "action": "_setValue",
        "stepParameters": [
          {
            "paramMode": "default",
            "parameterId": "dog_",
            "attributeId": "attr_lastname_1",
            "accessorId": "acc_textbox_lastname"
          },
          {
            "paramMode": "default",
            "parameterId": "dog_",
            "attributeId": "attr_lastname_1"
          }
        ],
        "stepCategory": "inbuilt",
        "stepType": "Action",
        "specific": []
      },
      {
        "commented": false,
        "action": "_setValue",
        "stepParameters": [
          {
            "paramMode": "default",
            "parameterId": "dog_",
            "attributeId": "attr_telephone_3",
            "accessorId": "acc_telephonebox_telephone"
          },
          {
            "paramMode": "default",
            "parameterId": "dog_",
            "attributeId": "attr_telephone_3"
          }
        ],
        "stepCategory": "inbuilt",
        "stepType": "Action",
        "specific": []
      },
      {
        "commented": false,
        "action": "_setValue",
        "stepParameters": [
          {
            "paramMode": "default",
            "parameterId": "dog_",
            "attributeId": "attr_email_2",
            "accessorId": "acc_emailbox_email"
          },
          {
            "paramMode": "default",
            "parameterId": "dog_",
            "attributeId": "attr_email_2"
          }
        ],
        "stepCategory": "inbuilt",
        "stepType": "Action",
        "specific": []
      }
    ]
  },
  "enabled": false,
  "parentId": ""
}