{
  "name": "create $user",
  "id": "-1",
  "type": 3,
  "content": {
    "isSystemKeyword": false,
    "title": "create $user",
    "specific": [],
    "parameters": [
      {
        "parameterId": "user_",
        "entityTypeId": "user",
        "suffix": ""
      }
    ],
    "steps": [
      {
        "commented": false,
        "action": "_log",
        "stepParameters": [
          {
            "paramMode": "string",
            "customValue": "first step"
          }
        ],
        "stepCategory": "inbuilt",
        "stepType": "Action",
        "specific": []
      },
      {
        "commented": false,
        "action": "_setValue",
        "stepParameters": [
          {
            "paramMode": "default",
            "parameterId": "user_",
            "attributeId": "attr_first_name_0",
            "accessorId": "acc_textbox_firstname"
          },
          {
            "paramMode": "default",
            "parameterId": "user_",
            "attributeId": "attr_first_name_0"
          }
        ],
        "stepCategory": "inbuilt",
        "stepType": "Action",
        "specific": []
      },
      {
        "commented": false,
        "action": "_setValue",
        "stepParameters": [
          {
            "paramMode": "default",
            "parameterId": "user_",
            "attributeId": "attr_last_name_1",
            "accessorId": "acc_textbox_lastname"
          },
          {
            "paramMode": "default",
            "parameterId": "user_",
            "attributeId": "attr_last_name_1"
          }
        ],
        "stepCategory": "inbuilt",
        "stepType": "Action",
        "specific": []
      },
      {
        "commented": false,
        "action": "_setValue",
        "stepParameters": [
          {
            "paramMode": "default",
            "parameterId": "user_",
            "attributeId": "attr_e_mail_2",
            "accessorId": "acc_emailbox_email"
          },
          {
            "paramMode": "default",
            "parameterId": "user_",
            "attributeId": "attr_e_mail_2"
          }
        ],
        "stepCategory": "inbuilt",
        "stepType": "Action",
        "specific": []
      },
      {
        "commented": false,
        "action": "_setValue",
        "stepParameters": [
          {
            "paramMode": "default",
            "parameterId": "user_",
            "attributeId": "attr_tele_phone_3",
            "accessorId": "acc_telephonebox_telephone"
          },
          {
            "paramMode": "default",
            "parameterId": "user_",
            "attributeId": "attr_tele_phone_3"
          }
        ],
        "stepCategory": "inbuilt",
        "stepType": "Action",
        "specific": []
      },
      {
        "commented": false,
        "action": "_setPassword",
        "stepParameters": [
          {
            "paramMode": "default",
            "parameterId": "user_",
            "attributeId": "attr_pass_word_4",
            "accessorId": "acc_password_password"
          },
          {
            "paramMode": "default",
            "parameterId": "user_",
            "attributeId": "attr_pass_word_4"
          }
        ],
        "stepCategory": "inbuilt",
        "stepType": "Action",
        "specific": []
      },
      {
        "commented": false,
        "action": "_setPassword",
        "stepParameters": [
          {
            "paramMode": "default",
            "parameterId": "user_",
            "attributeId": "attr_pass_word_4",
            "accessorId": "acc_password_confirm"
          },
          {
            "paramMode": "default",
            "parameterId": "user_",
            "attributeId": "attr_pass_word_4"
          }
        ],
        "stepCategory": "inbuilt",
        "stepType": "Action",
        "specific": []
      },
      {
        "commented": false,
        "action": "_check",
        "stepParameters": [
          {
            "paramMode": "default",
            "parameterId": "user_",
            "attributeId": "attr_agree1_5",
            "accessorId": "acc_checkbox_agree"
          },
          {
            "paramMode": "default",
            "parameterId": "user_",
            "attributeId": "attr_agree1_5"
          }
        ],
        "stepCategory": "inbuilt",
        "stepType": "Action",
        "specific": []
      },
      {
        "commented": false,
        "action": "_click",
        "stepParameters": [
          {
            "paramMode": "code",
            "customValue": "_submit(\"Continue\")"
          }
        ],
        "stepCategory": "inbuilt",
        "stepType": "Action",
        "specific": []
      }
    ]
  },
  "enabled": false,
  "parentId": ""
}