{
  "modifiedOn": "2024-04-08T05:22:31.164Z",
  "name": "Fill $coupon details",
  "id": "44860",
  "type": 3,
  "createdOn": "2024-04-08T05:22:31.164Z",
  "content": {
    "title": "Fill $coupon details",
    "parameters": [
      {
        "parameterId": "coupon_",
        "entityTypeId": "coupon",
        "suffix": ""
      }
    ],
    "steps": [
      {
        "commented": false,
        "action": "_click",
        "stepParameters": [
          {
            "isCustomParameter": true,
            "customValue": "_link(\"btn btn-primary\")"
          }
        ],
        "stepType": "Action"
      },
      {
        "commented": false,
        "action": "_setValue",
        "stepParameters": [
          {
            "parameterId": "coupon_",
            "attributeId": "attr_01679636456422",
            "accessorId": "acc0"
          },
          {
            "parameterId": "coupon_",
            "attributeId": "attr_01679636456422"
          }
        ],
        "stepType": "Action",
        "visibleCheck": false
      },
      {
        "commented": false,
        "action": "_setValue",
        "stepParameters": [
          {
            "parameterId": "coupon_",
            "attributeId": "attr_11679636456422",
            "accessorId": "acc0"
          },
          {
            "parameterId": "coupon_",
            "attributeId": "attr_11679636456422"
          }
        ],
        "stepType": "Action",
        "visibleCheck": false
      },
      {
        "commented": false,
        "action": "_setValue",
        "stepParameters": [
          {
            "parameterId": "coupon_",
            "attributeId": "attr_21679636456422",
            "accessorId": "acc0"
          },
          {
            "parameterId": "coupon_",
            "attributeId": "attr_21679636456422"
          }
        ],
        "stepType": "Action",
        "visibleCheck": false
      }
    ]
  },
  "enabled": false,
  "parentId": ""
}