{
  "modifiedOn": "2024-05-07T09:12:31.962Z",
  "name": "Navigate from @coupon to @shopping_cart",
  "id": "0",
  "type": 3,
  "createdOn": "2024-05-07T09:12:31.962Z",
  "content": {
    "title": "Navigate from @coupon to @shopping_cart",
    "parameters": [],
    "steps": [
      {
        "commented": false,
        "action": "_navigateTo",
        "stepParameters": [
          {
            "paramMode": "string",
            "customValue": "https://demoapps.testflowchart.com/opencart/"
          }
        ],
        "stepCategory": "inbuilt",
        "stepType": "Action"
      }
    ],
    "isSystemKeyword": true
  },
  "enabled": false,
  "parentId": ""
}