{
  "modifiedOn": "2024-05-08T06:51:14.368275800Z",
  "name": "Logout",
  "id": "-1",
  "type": 3,
  "createdOn": "2024-04-17T22:44:27Z",
  "content": {
    "isSystemKeyword": false,
    "title": "Logout",
    "parameters": [],
    "steps": [
      {
        "commented": false,
        "action": "_click",
        "stepParameters": [
          {
            "paramMode": "code",
            "customValue": "_link(\"My Account\")"
          }
        ],
        "stepCategory": "inbuilt",
        "stepType": "Action"
      },
      {
        "commented": false,
        "action": "_click",
        "stepParameters": [
          {
            "paramMode": "code",
            "customValue": "_link(\"Logout\")"
          }
        ],
        "stepCategory": "inbuilt",
        "stepType": "Action"
      }
    ]
  },
  "enabled": false,
  "parentId": ""
}