{
  "modifiedOn": "2024-05-06T05:42:33.316Z",
  "name": "Verify item added to cart",
  "id": "0",
  "type": 3,
  "createdOn": "2024-05-06T05:42:33.316Z",
  "content": {
    "title": "Verify item added to cart",
    "parameters": [],
    "steps": [
      {
        "commented": false,
        "action": "_getText",
        "stepParameters": [
          {
            "paramMode": "code",
            "customValue": "_div(\"alert alert-success alert-dismissible\")"
          }
        ],
        "stepType": "Assert",
        "stepCategory": "inbuilt",
        "assertType": "Equals",
        "secondaryParam": {
          "paramMode": "string",
          "customValue": "Success: You have added iPhone to your shopping cart!×"
        }
      }
    ],
    "isSystemKeyword": false
  },
  "enabled": false,
  "parentId": ""
}