{
  "modifiedOn": "2024-05-09T04:56:34.479Z",
  "name": "Confirm registration",
  "id": "45877",
  "type": 3,
  "createdOn": "2024-05-09T04:56:34.479Z",
  "content": {
    "title": "Confirm registration",
    "parameters": [],
    "steps": [
      {
        "commented": false,
        "action": "_getText",
        "stepParameters": [
          {
            "isCustomParameter": true,
            "customValue": "_heading1(0)"
          }
        ],
        "stepType": "Assert",
        "assertType": "Equals",
        "secondaryParam": {
          "isCustomParameter": true,
          "customValue": "\"Your Account Has Been Created!\""
        }
      },
      {
        "commented": false,
        "action": "_click",
        "stepParameters": [
          {
            "isCustomParameter": true,
            "customValue": "_link(\"Continue\")"
          }
        ],
        "stepType": "Action"
      }
    ]
  },
  "enabled": false,
  "parentId": ""
}