{
  "name": "Verify item added to cart",
  "id": "0",
  "type": 3,
  "content": {
    "isSystemKeyword": false,
    "title": "Verify item added to cart",
    "specific": [],
    "parameters": [],
    "steps": [
      {
        "commented": false,
        "action": "_getText",
        "stepParameters": [
          {
            "paramMode": "code",
            "customValue": "_div(\"alert alert-success alert-dismissible\")"
          }
        ],
        "stepCategory": "inbuilt",
        "stepType": "Assert",
        "assertType": "Equals",
        "secondaryParam": {
          "paramMode": "string",
          "customValue": "Success: You have added iPhone to your shopping cart!×"
        },
        "specific": []
      }
    ]
  },
  "enabled": false,
  "parentId": ""
}