{
  "name": "Shopping cart",
  "id": "-1",
  "type": 0,
  "content": {
    "nodesMap": {
      "fcn_start_0": {
        "id": "fcn_start_0",
        "content": "Start",
        "nodeType": "start",
        "branches": [
          "fcn_shoppingcart_0"
        ]
      },
      "fcn_shoppingcart_0": {
        "id": "fcn_shoppingcart_0",
        "content": "Shopping Cart",
        "nodeType": "pathlabel",
        "branches": [
          "fcn_gotoproductpage_0"
        ]
      },
      "fcn_gotoproductpage_0": {
        "id": "fcn_gotoproductpage_0",
        "content": "Go to product page",
        "nodeType": "action",
        "branches": [
          "fcn_additemtocart_0"
        ]
      },
      "fcn_additemtocart_0": {
        "id": "fcn_additemtocart_0",
        "content": "Add item to cart",
        "nodeType": "action",
        "branches": [
          "fcn_verifyitemaddedtocart_0"
        ]
      },
      "fcn_verifyitemaddedtocart_0": {
        "id": "fcn_verifyitemaddedtocart_0",
        "content": "Verify item added to cart",
        "nodeType": "state",
        "branches": []
      }
    },
    "positions": {
      "fcn_start_0": {
        "top": 150.0,
        "left": 500.0
      },
      "fcn_shoppingcart_0": {
        "top": 211.0,
        "left": 500.0
      },
      "fcn_gotoproductpage_0": {
        "top": 270.0,
        "left": 500.0
      },
      "fcn_additemtocart_0": {
        "top": 329.0,
        "left": 500.0
      },
      "fcn_verifyitemaddedtocart_0": {
        "top": 388.0,
        "left": 500.0
      }
    },
    "isPrimary": true,
    "pathNames": [
      {
        "pathKey": [
          "fcn_shoppingcart_0",
          "fcn_gotoproductpage_0",
          "fcn_additemtocart_0",
          "fcn_verifyitemaddedtocart_0"
        ],
        "dependsPathUID": "17408498246360",
        "isValidationsEnabled": false
      }
    ],
    "flowChartUID": "fcUID_shoppingcart_0",
    "pathExecutionOrder": []
  },
  "enabled": true,
  "parentId": ""
}