{
  "modifiedOn": "2024-04-08T05:22:31.244Z",
  "name": "Logout Admin",
  "id": "44867",
  "type": 3,
  "createdOn": "2024-04-08T05:22:31.244Z",
  "content": {
    "title": "Logout Admin",
    "parameters": [],
    "steps": [
      {
        "commented": false,
        "action": "_click",
        "stepParameters": [
          {
            "isCustomParameter": true,
            "customValue": "_link(\"Logout\")"
          }
        ],
        "stepType": "Action"
      }
    ]
  },
  "enabled": false,
  "parentId": ""
}