{
  "name": "user",
  "id": "-1",
  "type": 1,
  "content": {
    "default": {
<<<<<<< HEAD
      "attr_first_name_0": {
        "name": "first_name",
        "accessors": [
          {
            "id": "acc_textbox_firstname",
            "name": "First_name Input",
=======
      "attr_firstname_0": {
        "name": "firstname",
        "accessors": [
          {
            "id": "acc_textbox_firstname",
            "name": "Firstname Input",
>>>>>>> 75b5eb3c4fc61819ec21bf6e782efe5b5e19527a
            "accessor": "_textbox(\"firstname\")",
            "messageAccessor": ""
          }
        ],
        "type": "text",
        "props": {
          "prefix": "test",
          "min-length": "0",
          "max-length": "0"
        },
        "invalidData": [],
        "validData": []
      },
<<<<<<< HEAD
      "attr_last_name_1": {
        "name": "last_name",
        "accessors": [
          {
            "id": "acc_textbox_lastname",
            "name": "Last_name Input",
=======
      "attr_lastname_1": {
        "name": "lastname",
        "accessors": [
          {
            "id": "acc_textbox_lastname",
            "name": "Lastname Input",
>>>>>>> 75b5eb3c4fc61819ec21bf6e782efe5b5e19527a
            "accessor": "_textbox(\"lastname\")",
            "messageAccessor": ""
          }
        ],
        "type": "text",
        "props": {
          "prefix": "scret",
          "min-length": "0",
          "max-length": "0"
        },
        "invalidData": [],
        "validData": []
      },
<<<<<<< HEAD
      "attr_e_mail_2": {
        "name": "e_mail",
        "accessors": [
          {
            "id": "acc_emailbox_email",
            "name": "E_mail Input",
=======
      "attr_email_2": {
        "name": "email",
        "accessors": [
          {
            "id": "acc_emailbox_email",
            "name": "Email Input",
>>>>>>> 75b5eb3c4fc61819ec21bf6e782efe5b5e19527a
            "accessor": "_emailbox(\"email\")",
            "messageAccessor": ""
          }
        ],
        "type": "email",
        "props": {
          "names": [
<<<<<<< HEAD
            "sfahy143"
=======
            "sfahy431"
>>>>>>> 75b5eb3c4fc61819ec21bf6e782efe5b5e19527a
          ],
          "domains": [
            "gmail.com"
          ],
          "add-timestamp": "false"
        },
        "invalidData": [],
        "validData": []
      },
<<<<<<< HEAD
      "attr_tele_phone_3": {
        "name": "tele_phone",
        "accessors": [
          {
            "id": "acc_telephonebox_telephone",
            "name": "Tele_phone Input",
=======
      "attr_telephone_3": {
        "name": "telephone",
        "accessors": [
          {
            "id": "acc_telephonebox_telephone",
            "name": "Telephone Input",
>>>>>>> 75b5eb3c4fc61819ec21bf6e782efe5b5e19527a
            "accessor": "_telephonebox(\"telephone\")",
            "messageAccessor": ""
          }
        ],
        "type": "number",
        "props": {
          "min": "30513",
          "max": "30513"
        },
        "invalidData": [],
        "validData": []
      },
<<<<<<< HEAD
      "attr_pass_word_4": {
        "name": "pass_word",
        "accessors": [
          {
            "id": "acc_password_password",
            "name": "Pass_word Input",
            "accessor": "_password(\"password\")",
            "messageAccessor": ""
          },
=======
      "attr_password_4": {
        "name": "password",
        "accessors": [
          {
            "id": "acc_password_password",
            "name": "Password Input",
            "accessor": "_password(\"password\")",
            "messageAccessor": ""
          }
        ],
        "type": "simpletext",
        "props": {
          "text": "tyto@123",
          "is-password": "true"
        },
        "invalidData": [],
        "validData": []
      },
      "attr_confirm_5": {
        "name": "confirm",
        "accessors": [
>>>>>>> 75b5eb3c4fc61819ec21bf6e782efe5b5e19527a
          {
            "id": "acc_password_confirm",
            "name": "Confirm Input",
            "accessor": "_password(\"confirm\")",
            "messageAccessor": ""
          }
        ],
        "type": "simpletext",
        "props": {
          "text": "tyto@123",
          "is-password": "true"
        },
        "invalidData": [],
        "validData": []
      },
<<<<<<< HEAD
      "attr_agree1_5": {
        "name": "agree1",
        "accessors": [
          {
            "id": "acc_checkbox_agree",
            "name": "Agree1 Input",
=======
      "attr_agree_6": {
        "name": "agree",
        "accessors": [
          {
            "id": "acc_checkbox_agree",
            "name": "Agree Input",
>>>>>>> 75b5eb3c4fc61819ec21bf6e782efe5b5e19527a
            "accessor": "_checkbox(\"agree\")",
            "messageAccessor": ""
          }
        ],
        "type": "boolean",
        "props": {
          "default-value": "true"
        },
        "invalidData": [],
        "validData": []
      }
    }
  },
  "enabled": false,
  "parentId": ""
}