{
  "modifiedOn": "2024-05-09T04:56:34.845Z",
  "name": "Logout",
  "id": "45911",
  "type": 3,
  "createdOn": "2024-05-09T04:56:34.845Z",
  "content": {
    "title": "Logout",
    "parameters": [],
    "steps": [
      {
        "commented": false,
        "action": "_click",
        "stepParameters": [
          {
            "isCustomParameter": true,
            "customValue": "_link(\"Logout[1]\")"
          }
        ],
        "stepType": "Action"
      },
      {
        "commented": false,
        "action": "_click",
        "stepParameters": [
          {
            "isCustomParameter": true,
            "customValue": "_link(\"Continue\")"
          }
        ],
        "stepType": "Action"
      }
    ]
  },
  "enabled": false,
  "parentId": ""
}