{
  "modifiedOn": "2024-05-09T04:56:34.743Z",
  "name": "Navigate from @product to @coupon",
  "id": "45901",
  "type": 3,
  "createdOn": "2024-05-09T04:56:34.743Z",
  "content": {
    "title": "Navigate from @product to @coupon",
    "parameters": [],
    "steps": [
      {
        "commented": false,
        "action": "_click",
        "stepParameters": [
          {
            "isCustomParameter": true,
            "customValue": "_link(\"Marketing\")"
          }
        ],
        "stepType": "Action"
      },
      {
        "commented": false,
        "action": "_click",
        "stepParameters": [
          {
            "isCustomParameter": true,
            "customValue": "_link(\"Coupons\")"
          }
        ],
        "stepType": "Action"
      }
    ]
  },
  "enabled": false,
  "parentId": ""
}