{
  "name": "create $user",
  "id": "-1",
  "type": 3,
  "content": {
    "isSystemKeyword": false,
    "title": "create $user",
    "specific": [],
    "parameters": [
      {
        "parameterId": "user_",
        "entityTypeId": "user",
        "suffix": ""
      }
    ],
    "steps": [
      {
        "commented": false,
        "action": "_setValue",
        "stepParameters": [
          {
            "paramMode": "default",
            "parameterId": "user_",
<<<<<<< HEAD
            "attributeId": "attr_first_name_0",
=======
            "attributeId": "attr_firstname_0",
>>>>>>> 75b5eb3c4fc61819ec21bf6e782efe5b5e19527a
            "accessorId": "acc_textbox_firstname"
          },
          {
            "paramMode": "default",
            "parameterId": "user_",
<<<<<<< HEAD
            "attributeId": "attr_first_name_0"
=======
            "attributeId": "attr_firstname_0"
>>>>>>> 75b5eb3c4fc61819ec21bf6e782efe5b5e19527a
          }
        ],
        "stepCategory": "inbuilt",
        "stepType": "Action",
        "specific": []
      },
      {
        "commented": false,
        "action": "_setValue",
        "stepParameters": [
          {
            "paramMode": "default",
            "parameterId": "user_",
<<<<<<< HEAD
            "attributeId": "attr_last_name_1",
=======
            "attributeId": "attr_lastname_1",
>>>>>>> 75b5eb3c4fc61819ec21bf6e782efe5b5e19527a
            "accessorId": "acc_textbox_lastname"
          },
          {
            "paramMode": "default",
            "parameterId": "user_",
<<<<<<< HEAD
            "attributeId": "attr_last_name_1"
=======
            "attributeId": "attr_lastname_1"
>>>>>>> 75b5eb3c4fc61819ec21bf6e782efe5b5e19527a
          }
        ],
        "stepCategory": "inbuilt",
        "stepType": "Action",
        "specific": []
      },
      {
        "commented": false,
        "action": "_setValue",
        "stepParameters": [
          {
            "paramMode": "default",
            "parameterId": "user_",
<<<<<<< HEAD
            "attributeId": "attr_e_mail_2",
=======
            "attributeId": "attr_email_2",
>>>>>>> 75b5eb3c4fc61819ec21bf6e782efe5b5e19527a
            "accessorId": "acc_emailbox_email"
          },
          {
            "paramMode": "default",
            "parameterId": "user_",
<<<<<<< HEAD
            "attributeId": "attr_e_mail_2"
=======
            "attributeId": "attr_email_2"
>>>>>>> 75b5eb3c4fc61819ec21bf6e782efe5b5e19527a
          }
        ],
        "stepCategory": "inbuilt",
        "stepType": "Action",
        "specific": []
      },
      {
        "commented": false,
        "action": "_setValue",
        "stepParameters": [
          {
            "paramMode": "default",
            "parameterId": "user_",
<<<<<<< HEAD
            "attributeId": "attr_tele_phone_3",
=======
            "attributeId": "attr_telephone_3",
>>>>>>> 75b5eb3c4fc61819ec21bf6e782efe5b5e19527a
            "accessorId": "acc_telephonebox_telephone"
          },
          {
            "paramMode": "default",
            "parameterId": "user_",
<<<<<<< HEAD
            "attributeId": "attr_tele_phone_3"
=======
            "attributeId": "attr_telephone_3"
>>>>>>> 75b5eb3c4fc61819ec21bf6e782efe5b5e19527a
          }
        ],
        "stepCategory": "inbuilt",
        "stepType": "Action",
        "specific": []
      },
      {
        "commented": false,
        "action": "_setPassword",
        "stepParameters": [
          {
            "paramMode": "default",
            "parameterId": "user_",
<<<<<<< HEAD
            "attributeId": "attr_pass_word_4",
=======
            "attributeId": "attr_password_4",
>>>>>>> 75b5eb3c4fc61819ec21bf6e782efe5b5e19527a
            "accessorId": "acc_password_password"
          },
          {
            "paramMode": "default",
            "parameterId": "user_",
<<<<<<< HEAD
            "attributeId": "attr_pass_word_4"
=======
            "attributeId": "attr_password_4"
>>>>>>> 75b5eb3c4fc61819ec21bf6e782efe5b5e19527a
          }
        ],
        "stepCategory": "inbuilt",
        "stepType": "Action",
        "specific": []
      },
      {
        "commented": false,
        "action": "_setPassword",
        "stepParameters": [
          {
            "paramMode": "default",
            "parameterId": "user_",
<<<<<<< HEAD
            "attributeId": "attr_pass_word_4",
=======
            "attributeId": "attr_confirm_5",
>>>>>>> 75b5eb3c4fc61819ec21bf6e782efe5b5e19527a
            "accessorId": "acc_password_confirm"
          },
          {
            "paramMode": "default",
            "parameterId": "user_",
<<<<<<< HEAD
            "attributeId": "attr_pass_word_4"
=======
            "attributeId": "attr_confirm_5"
>>>>>>> 75b5eb3c4fc61819ec21bf6e782efe5b5e19527a
          }
        ],
        "stepCategory": "inbuilt",
        "stepType": "Action",
        "specific": []
      },
      {
        "commented": false,
        "action": "_check",
        "stepParameters": [
          {
            "paramMode": "default",
            "parameterId": "user_",
<<<<<<< HEAD
            "attributeId": "attr_agree1_5",
=======
            "attributeId": "attr_agree_6",
>>>>>>> 75b5eb3c4fc61819ec21bf6e782efe5b5e19527a
            "accessorId": "acc_checkbox_agree"
          },
          {
            "paramMode": "default",
            "parameterId": "user_",
<<<<<<< HEAD
            "attributeId": "attr_agree1_5"
=======
            "attributeId": "attr_agree_6"
>>>>>>> 75b5eb3c4fc61819ec21bf6e782efe5b5e19527a
          }
        ],
        "stepCategory": "inbuilt",
        "stepType": "Action",
        "specific": []
      },
      {
        "commented": false,
        "action": "_click",
        "stepParameters": [
          {
            "paramMode": "code",
            "customValue": "_submit(\"Continue\")"
          }
        ],
        "stepCategory": "inbuilt",
        "stepType": "Action",
        "specific": []
      }
    ]
  },
  "enabled": false,
  "parentId": ""
}