{
  "name": "Create $dog",
  "id": "-1",
  "type": 3,
  "content": {
    "isSystemKeyword": false,
    "title": "Create $dog",
    "specific": [],
    "parameters": [
      {
        "parameterId": "dog_",
        "entityTypeId": "dog",
        "suffix": ""
      }
    ],
    "steps": [
      {
        "commented": false,
        "action": "_click",
        "stepParameters": [
          {
            "paramMode": "default",
            "parameterId": "dog_",
            "attributeId": "attr_firstname_0",
            "accessorId": "acc_textbox_firstname"
          }
        ],
        "stepCategory": "inbuilt",
        "stepType": "Action",
        "specific": []
      },
      {
        "commented": false,
        "action": "_click",
        "stepParameters": [
          {
            "paramMode": "code",
            "customValue": "_span(\"None\")"
          }
        ],
        "stepCategory": "inbuilt",
        "stepType": "Action",
        "specific": []
      },
      {
        "commented": false,
        "action": "_click",
        "stepParameters": [
          {
            "paramMode": "code",
            "customValue": "_span(\"caret\")"
          }
        ],
        "stepCategory": "inbuilt",
        "stepType": "Action",
        "specific": []
      }
    ]
  },
  "enabled": false,
  "parentId": ""
}