{
  "name": "new $dog",
  "id": "0",
  "type": 3,
  "content": {
    "isSystemKeyword": false,
    "title": "new $dog",
    "specific": [],
    "parameters": [
      {
        "parameterId": "dog_",
        "entityTypeId": "dog",
        "suffix": ""
      }
    ],
    "steps": [
      {
        "commented": false,
        "action": "_log",
        "stepParameters": [
          {
            "paramMode": "string",
            "customValue": "test"
          }
        ],
        "stepCategory": "inbuilt",
        "stepType": "Action",
        "specific": []
      }
    ]
  },
  "enabled": false,
  "parentId": ""
}