{
  "name": "2",
  "id": "-1",
  "type": 0,
  "content": {
    "nodesMap": {
      "fcn_start_0": {
        "id": "fcn_start_0",
        "content": "Start",
        "nodeType": "start",
        "branches": [
          "fcn_test3_0"
        ]
      },
      "fcn_test3_0": {
        "id": "fcn_test3_0",
        "content": "test3",
        "nodeType": "pathlabel",
        "branches": []
      }
    },
    "positions": {
      "fcn_start_0": {
        "top": 150.0,
        "left": 500.0
      },
      "fcn_test3_0": {
        "top": 211.0,
        "left": 500.0
      }
    },
    "isPrimary": true,
    "pathNames": [
      {
        "pathKey": [
          "fcn_test3_0"
        ],
        "dependsPathUID": "17411556797830",
        "isValidationsEnabled": false
      }
    ],
    "flowChartUID": "fcUID_2_0",
    "pathExecutionOrder": []
  },
  "enabled": true,
  "parentId": ""
}